NCR-A01,AFP/PNP HOUSING TERM(TAG),GUADALUPE V MRT,6.8,13
NCR-A02,AFP/PNP(TAGUIG),GUADALUPE (ABC) VIA M. ASUN,7.6,13
NCR-A03,ALABANG,B'BAYAN VIA BICUTAN FTI SSH LOOP,9.5,13
NCR-A04,ALABANG,BAGUMBAYAN VIA BICUTAN,8.3,13
NCR-A05,ALABANG,BACLARAN VIA COASTAL,9.6,13
NCR-A06,ALABANG,BACLARAN COASTAL,5.4,13
NCR-A07,ALABANG,BACLARAN VIA SAN DIONISIO ZAPOTE,5.6,13
NCR-A08,ALABANG,BACLARAN VIASN DIONISIO ZAPOTE,9.8,13
NCR-A09,BACLARAN,ALABANG VIA SAN DIONISIO,5.9,13
NCR-A10,ALABANG,BACLARAN VIA SAN DIONISIO,4.3,13
NCR-A11,ALABANG,BACLARAN VIA ALABANG ZAPOTE,11.5,13
NCR-A12,ALABANG,SM MOA VIA EAST SERV RD ARCA FTI,10.6,13
NCR-A13,ALABANG,SM MOA V EAST SERV RD STH PASAY,7.3,13
NCR-A14,ALABANG,SM MOA TERMINAL V FTI SER RD,8.4,13
NCR-A15,ALABANG,MOA V E SERV ROAD ARCA (FTI) P'RTDA,10.4,13
NCR-A16,ALABANG,ZAPOTE (LAS PIÑAS),10,13
NCR-A17,ALABANG,ZAPOTE (LAS PINAS) VIA OLD MANILA,11.9,13
NCR-A18,ALMAR SUBD,GOTESCO COM'L CPL VIA REG,4.7,13
NCR-A19,ALMAR SUBD/ZABARTE,WELCOME RTDA VIA REG Q.A,6,13
NCR-A20,ALMAR/PUREGOLD,WELCOME ROTONDA,7.1,13
NCR-A21,ZABARTE/ALMAR SUBD,WELCOME RTDA V ZABARTE RD,4.5,13
NCR-A22,AMPARO,NOVALICHES VIA SANANA,5.6,13
NCR-A23,AMPARO,NOVALICHES VIA VICTORY HEIGHTS,5.9,13
NCR-A24,ANONAS/AURORA,LAGRO VIA DM MARCOS AVE,5.5,13
NCR-A25,LAGRO,ANONAS VIA V LUNA,5,13
NCR-A26,ARROCEROS,PAG-ASA VIA ESPAÑA QUEZON A,9.4,13
NCR-A27,ARROCEROS,PROJ 7 VIA ESPAÑA,11.2,13
NCR-A28,ARROCEROS,PROJ 8 VIA ESPAÑA,7,13
NCR-A29,ASPER(PAYATAS),EVER GOTESCO VIA COMM,9.4,13
NCR-A30,B SILANG KALIWA,ROBINSON F VIEW ZABARTE,4.2,13
NCR-A31,BACLARAN,BLUMENTRITT VIA LGUINTO SCRUZ,11.7,13
NCR-A32,BACLARAN,DAPITAN V TAFT AVE SMOA,10.6,13
NCR-A33,BACLARAN,DAPITAN VIA TAFT,10.1,13
NCR-A34,BACLARAN,DAPITAN VIA MABINI,7.8,13
NCR-A35,BACLARAN,DIVISORIA VIA L GUINTO,7.1,13
NCR-A36,BACLARAN,DIVISORIA VIA TAFT,6.2,13
NCR-A37,BACLARAN,NICHOLS VIA CAA,7.9,13
NCR-A38,BACLARAN,P CAMPA VIA L GUINTO,4.6,13
NCR-A39,BAGBAGUIN,MALINTA,5.6,13
NCR-A40,BAGONG BARRIO,G DE JESUS/EDSA,6.9,13
NCR-A41,BAGONG BO,G.DE JESUS/EDSA VIA TIRADPASS,10.3,13
NCR-A42,BAGONG SILANG,NOVALICHES VIA SUSANO RD,5.9,13
NCR-A43,BAGONG SILANG,NOVALICHES,9,13
NCR-A44,BAGONG SILANG,SM FAIRVIEW VIA MALIGAYA,7.9,13
NCR-A45,B'GONG S'LANG,SM FAIRVIEW V MALIGAYA PARK,11.5,13
NCR-A46,BAGONG SILANG,SM FAIRVIEW VIA ZABARTE RD,11.8,13
NCR-A47,BAGUMBAYAN(TAGIG),PASIG(TP)VIA SN JOAQ,4.2,13
NCR-A48,BAGUMBAYAN (TAGUIG),PASIG,9.8,13
NCR-A49,BAGUMBAYAN(TAGUIG),PASIG(TP) V ALMEDA,10,13
NCR-A50,BAGUMBONG,NOVALICHES (TP),6.8,13
NCR-A51,BALARA,PHILCOA VIA T SORA  UP CAMPUS,4.8,13
NCR-A52,BALARA,PHILCOA VIA TANDANG SORA,10.5,13
NCR-A53,BALARA,TUMANA (MARIKINA) AND VV,7,13
NCR-A54,BANGKUSAY,DIVISORIA,5.5,13
NCR-A55,BEL AIR,WASHINGTON,11.1,13
NCR-A56,BEL AIR,WASHINGTON VIA JUPITER ZODIAC,10.3,13
NCR-A57,BGY BAGONG SILANGAN,EVER GOTESCO COMM,7.6,13
NCR-A58,BRGY BAGONG SILANGAN,EVER GOTESCO (COMM),11,13
NCR-A59,BLUMENTRITT,LIBERTAD VIA STACRUZ GUINT,4.1,13
NCR-A60,BONI(ROBINSONS COMPLEX),KALENTONG/JRC,11.7,13
NCR-A61,BONI/PINATUBO,KALENTONG/JRC,9.3,13
NCR-A62,BRGY. NORTH BAY BLVD,PIER SOUTH VIA RD 10,8.5,13
NCR-A63,CABRERA,LIBERTAD,6.7,13
NCR-A64,CAMARIN,NOVALICHES (TP),9.1,13
NCR-A65,CAMARIN,NOVALICHES VICAS PH4 TERM,6.1,13
NCR-A66,CAMARIN,QMC VIA ZAPOTE RD MALIGAYA PARK,9.9,13
NCR-A67,CAPITOL PARK HOMES II,SM FAIRVIEW,5.8,13
NCR-A68,CASH&CARRY (BRGY PALANAN),SM MALL OF ASIA,5.7,13
NCR-A69,CCP COMPLEX,TAFT VIA VITO CRUZ,9.4,13
NCR-A70,CENTENNIAL TERMINAL,SM MALL OF ASIA,4.7,13
NCR-A71,CIELITO HOMES,NOVALICHES,6.3,13
NCR-A72,CIELITO HMS,NOVA V CAMARIN RD QUIRINO H,8.4,13
NCR-A73,COMMONWEALTH MARKET,Q PLAZA VIA MARIKINA CITY,7.2,13
NCR-A74,COR ORTIGAS AVE/WILSON ST,MABINI/ALL SJ,7.6,13
NCR-A75,CUBAO,PROJ 4 VIA JP RIZAL,10.1,13
NCR-A76,CUBAO,PROJ 4 VIA P TUAZON,8.2,13
NCR-A77,CUBAO,PROJ 4 VIA P.TZN JP RZL DIEGOSILANG,5.1,13
NCR-A78,CUBAO,PROJECT 4 VIA P TUAZON,4.1,13
NCR-A79,CUBAO,STA. LUCIA (PASIG),5.7,13
NCR-A80,CUBAO,STA LUCIA (PASIG) VIA SANTOLAN,7.6,13
NCR-A81,CUBAO(ARAYAT),QMC VIA YBARDOLAZA,5.9,13
NCR-A82,CUBAO(DIAMOND),ROCES/SUPER PALENGKE,6.4,13
NCR-A83,DAGATDAGATAN,DELPAN VIA DIVISORIA,5.7,13
NCR-A84,DAPITAN,PASAY RTDA VIA L GUINTO,5.3,13
NCR-A85,DIVISORIA,MALANDAY VIA JA SANTOS,8.4,13
NCR-A86,DIVISORIA,NAVOTAS VIA H LOPEZ,6.6,13
NCR-A87,NAVOTAS,DIVISORIA VIA H. LOPEZ,10.4,13
NCR-A88,DIVISORIA,RETIRO VIA JA SANTOS,10.3,13
NCR-A89,DOMINGA,LIBERTAD,11.5,13
NCR-A90,DOMINGA,LIBERTAD V IGNACIO SM MALL OF ASIA VV,9.8,13
NCR-A91,DON BOSCO (MAKATI CITY),SM MALL OF ASIA,10.1,13
NCR-A92,EDSA/NORTH AVE,UP VIA NORTH AVE MARCOS AVE,11.5,13
NCR-A93,EDSA NORTH,UP(MODIFIED LINE/ROUTE),11.9,13
NCR-A94,EDSA/SHAW CENTRAL,KALENTONG/JRC,11.9,13
NCR-A95,EDSA/WEST AVE,PANAY AVE,5.5,13
NCR-A96,ESPAÑA,RIZAL AVE VIA BLUMENTRITT,8.9,13
NCR-A97,EVANGELISTA,LIBERTAD,6.4,13
NCR-A98,LIBERTAD,EVANGLISTA,9.3,13
NCR-A99,FAIRVIEW (DAHLIA),CUBAO(ARAYAT) VIA COMM,8.4,13
NCR-A100,FAIRVIEW,ARAYAT CUBAO,5.7,13
NCR-A101,CUBAO,ARAYAT VIA YBARDOLAZA - FAIRVIEW,9.1,13
NCR-A102,FORBES PARK,PASAY RD VIA AYALA COMML,4,13
NCR-A103,SOUTH FORBES PARK,MAKATI CITY,5,13
NCR-A104,FORT BONIFACIO (GATE3),GUADALUPE MKT (ABC),7.4,13
NCR-A105,FORT BONIFACIO (GATE3),GUADALUPE MKT(ABC),5.2,13
NCR-A106,FORT BONIFACIO(GATE III),GUADALUPE,5.4,13
NCR-A107,FTI,KAYAMAN C,10,13
NCR-A108,FTI,UNIWIDE COASTAL MALL VIA SM MOA,11,13
NCR-A109,GASAK,RECTO VIA DAGAT DAGATAN  C3,4.6,13
NCR-A110,GASAK,RECTO VIA C3,8.8,13
NCR-A111,GATE 5,GREENHILLS SHOPPING CENTER LOOP,4.2,13
NCR-A112,GATE 5,UNIMARK VIA CONNECTICUT,11.9,13
NCR-A113,GATE 5,UNIMART,8,13
NCR-A114,ANAPOLIS ,GATE 5 GREENHILLS SHOPPING C LOOP,9,13
NCR-A115,GUADALUPE,FTI VIA JP RIZAL EXTENSION  C5,7,13
NCR-A116,GUADALUPE,FTI VIA JP RIZAL EXTENSION,10,13
NCR-A117,GUADALUPE,FTI VIA JP RIZAL,7.5,13
NCR-A118,GUADALUPE,FTI VIA C5 KALAYAAN AVE,8.8,13
NCR-A119,H DELA COSTA II,SM FAIRVIEW VIA Q HWAY,12,13
NCR-A120,IBP ROAD,LUPANG PANGAKO VIA GRAVEL PIT RD,4,13
NCR-A121,IBP ROAD,LUPANG PANGAKO (P'TAS) VIA LITEX RD,9.5,13
NCR-A122,IKOT,UP LOOP SERVICE,10.3,13
NCR-A123,IKOT,UP VIA ADMN BLDG  TM KALAW,8.3,13
NCR-A124,JORDAN PLAINES,QC HALL VIA ELLIPTICAL,7.2,13
NCR-A125,JORDAN PLAINS (NOVA),QUEZON CITY HALL,8.5,13
NCR-A126,KALENTONG/JRC,LIBERTAD(MAND)VIA 9 DE P,8.3,13
NCR-A127,KALENTONG/JRC,P VICTORINO VIA P CRUZ,9.7,13
NCR-A128,KARUHATAN,UGONG,11.1,13
NCR-A129,KARUHATAN,UGONG VIA GEN DE LEON,9.6,13
NCR-A130,KAYAMANAN C,PRC VIA PASONG TAMO,7.9,13
NCR-A131,PRC,KAYAMANAN C VIA PASONG TAMO,5.5,13
NCR-A132,PRC,MANTRADE KAYAMANAN C,7.3,13
NCR-A133,KAYAMANAN C,WASHINGTON,7.5,13
NCR-A134,KIKO CAMARIN,SM FAIRVIEW V MALIGAYA PARK,11.4,13
NCR-A135,L GUINTO,PANDACAN,10.5,13
NCR-A136,L GUINTO,PANDACAN VIA L. GUINTO APACIBLE,6.1,13
NCR-A137,L GUINTO,STA ANA,10.1,13
NCR-A138,LAGRO,CUBAO VIA KALAYAAN,8.6,13
NCR-A139,CUBAO,LAGRO VIA KALAYAAN,4.1,13
NCR-A140,CUBAO,KALAYAAN/LAGRO,8.6,13
NCR-A141,LAGRO,NOVALICHES,4.1,13
NCR-A142,LAGRO,NOVALICHES VIA LAGRO COR QRINO HWAY,6.2,13
NCR-A143,LAGRO,NOVALICHES VIA ZAGALA ST,4.4,13
NCR-A144,LAGRO,WELCOME RTDA,8.8,13
NCR-A145,LAGRO,PANAY AVE EXTENDED TO WELCOME RTDA,9.8,13
NCR-A146,LIBERTAD,MALIBAY,7.8,13
NCR-A147,LIBERTAD,MALIBAY VIA MALL OF ASIA,11.6,13
NCR-A148,MALIBAY,LIBERTAD VIA MALL OF ASIA,5.3,13
NCR-A149,LIBERTAD,MONUMENTO VIA TAFT AVENUE,9.3,13
NCR-A150,MONUMENTO,LIBERTAD VIA TAFT,9.6,13
NCR-A151,LIBERTAD,PRC,5.7,13
NCR-A152,LIBERTAD,RETIRO VIA STA CRUZ  L GUINTO,11.9,13
NCR-A153,LIBERTAD,SM MOA VIA LRT-MRT STATION,8.3,13
NCR-A154,LIBERTAD,WASHINGTON,5,13
NCR-A155,MALABON,MONUMENTO VIA ACACIA,6.5,13
NCR-A156,MALABON(TP),NAVOTAS(TP),5.3,13
NCR-A157,MALANDAY,PIER SOUTH,11.6,13
NCR-A158,MALANDAY,PIER SOUTH VIA MCARTHUR HIWAY,6.2,13
NCR-A159,MALINTA,NOVALICHES,11.1,13
NCR-A160,NOVALICHES (TP),MALINTA,8.7,13
NCR-A161,MARIKINA,PARANG VIA FORTUNE,8.6,13
NCR-A162,MARIKINA ,PARANG VIA FORTUNE,11.8,13
NCR-A163,MARIKINA,PARANG VIA JP RIZAL,5.8,13
NCR-A164,MARIKINA (SM),PATEROS VIA PASIG,9.7,13
NCR-A165,MARIKINA CITY,SM FAIRVIEW,6.9,13
NCR-A166,SM FAIRVIEW,MARIKINA,9,13
NCR-A167,MARIKINA CITY,SM FAIRVIEW SANTOLAN LRT,4.7,13
NCR-A168,MCU,SANGANDAAN,9.4,13
NCR-A169,MONUMENTO,MUNOZ VIA BALINTAWAK,6.4,13
NCR-A170,MONUMENTO,NAVOTAS VIA LETRE,6.6,13
NCR-A171,MONUMENTO,POLO VIA ACACIA MH DEL PILAR,11.8,13
NCR-A172,MULTINATIONAL VILL,GATE ALONG IMELDA AVE,6.7,13
NCR-A173,MUÑOZ MKT,PROJ 8 VIA ROOSEVELT,4.1,13
NCR-A174,MUNOZ MKT,QMC VIA VISAYAS AVE CONG,10.6,13
NCR-A175,NAGTAHAN ROTONDA,PANDACAN,9.8,13
NCR-A176,NAPOCOR VILL/NIA VILLE,SM NORTH EDSA,6.5,13
NCR-A177,NAPOCOR/NIAVILLE,TRINOMA SM V. CONGRE AVE,7.4,13
NCR-A178,NAPOCOR/NIAVILLE,MIN AVE CONGRESSIONAL,11.3,13
NCR-A179,NPC/NIAVILLE,MIN AVE CONGRESSIONAL AVE,9.5,13
NCR-A180,NIA VIL/NPC,MINDANAO AVE VIA CONGRESSIONAL,4.1,13
NCR-A181,NICHOLS,SM MALL OF ASIA V MACAPAGAL AVE,11.2,13
NCR-A182,NICHOLS,SM MALL OF ASIA,7.8,13
NCR-A183,NOVALICHES,BIGNAY VV,9.8,13
NCR-A184,NOVALICHES,SHELTER VILL VIA CAMARIN RD,6.8,13
NCR-A185,NOVALICHES,SHELTERVILLE V CONG,4.4,13
NCR-A186,NOVALICHES,TALA,10,13
NCR-A187,TALA,NOVALICHES VIA QUIRINO AVE,5.3,13
NCR-A188,NOVALICHES(TP),BRGY.DEPARO,9.8,13
NCR-A189,NOVALICHES,DEPARO VIA SUSANO VV,5.3,13
NCR-A190,PARANG,RECTO,8.4,13
NCR-A191,PARANG,STOP & SHOP VIA AURORA BLVD,8.4,13
NCR-A192,PATEROS,MARKET MARKET,4.1,13
NCR-A193,PICC,UNIVERSITY PARKWAY (FORT BONIFACIO),8.4,13
NCR-A194,PICC PASAY,GIL PUYAT AVE FT BON KALAYAAN,4.5,13
NCR-A195,PIER SOUTH,PROJ 2&3 VIA TIMOG,10.8,13
NCR-A196,POLO,SANGANDAAN VIA TENEJEROS,4.7,13
NCR-A197,PROJ 2&3,TM KALAW VIA E RODRIGUEZ,5.9,13
NCR-A198,PROJ 2&3,TM KALAW VIA TIMOG,6,13
NCR-A199,PROJ 2&3,TM KALAW VIA QUEZON AVE,4.5,13
NCR-A200,PROJ 2&3,VITO CRUZ V E ROD  MABINI,6.4,13
NCR-A201,PROJ 6,VITO CRUZ V Q AVE,4.6,13
NCR-A202,PROJ 8,QUIAPO VIA ROOSEVELT,11.7,13
NCR-A203,PROJ.2 &3,REMEDIOS VIA E. RODRIGUEZ,10.5,13
NCR-A204,PROJ2&3,TM KALAW EXTENDED R'DIOS E.ROD,7.6,13
NCR-A205,PROJ 2&3,TM KALAW V E ROD TO REMED,7,13
NCR-A206,PUNTA,AYALA (MAKATI) VICE VERSA,4.6,13
NCR-A207,PUNTA,PIER VIA MANILA CITY HALL,11.5,13
NCR-A208,Q.AVE,LRT 5TH AVE CALOOCAN CITY,5.5,13
NCR-A209,QUEZON AVE,STA MESA MKT VIA ARANETA A,10,13
NCR-A210,Q.AVE,STA MESA V ARANETA GURIAYAN,5.3,13
NCR-A211,RECTO,SSS VILL VIA AURORA BLVD ESPANA,11.5,13
NCR-A212,ROXAS BLVD(MC DONALD),SM MALL OF ASIA,6.4,13
NCR-A213,SAN ANDRES MKT,STA ANA VIA P FAURA P GIL,10.4,13
NCR-A214,SAN MIGUEL,IKOT,4.4,13
NCR-A215,SENATE OF THE PHILS,BUENDIA EXTENSION/LRT1,6.4,13
NCR-A216,SOLDIERS HILL(PHIV),TALON VIA ALVAREZ,7.7,13
NCR-A217,SSS VILL,STOP & SHOP VIA AURORA BLVD,11.7,13
NCR-A218,SSS VILLAGE,STOP&SHOP (STA MESA) AURORA,5.7,13
NCR-A219,SUCAT,MARKET MARKET (FORT BONI TAGUIG),4.8,13
NCR-A220,SUCAT/HIGHWAY,BAGUMBAYAN,5.4,13
NCR-A221,BAGUMBAYAN,(TAGUIG) SUCAT,11.3,13
NCR-A222,TANDANG SORA,VISAYAS AVE VIA QC HALL,7.6,13
NCR-A223,TANDANG SORA,VISAYAS AVE,7.1,13
NCR-A224,UP,PANTRANCO VIA UP CAMPUS,6.7,13
NCR-A225,PANTRANCO,UP CAMPUS,7.2,13
NCR-A226,GIL PUYAT (LRT STATION),SM MALL OF ASIA,9.7,13
NCR-A227,LRT BUENDIA STATION,SM MOA V MACAPAGAL,11.3,13
NCR-A228,A. BONI,A. MABINI VIA 10TH AVE,6.8,13
NCR-A229,A.MABINI,A BONIFACIO VIA 10TH AVE,4.1,13
NCR-A230,ALABANG,BACLARAN VIA B. AQUINO  SSH,5.5,13
NCR-A231,ALABANG,BACLARAN VIA B. AQUINO AVE/SSH,7.5,13
NCR-A232,ALABANG,BACLARAN VIA B AQUINO AVE,6.5,13
NCR-A233,ALABANG,BACLARAN VIA IMELDA  SSH,11.8,13
NCR-A234,ALABANG,BACLARAN VIA IMELDA AVE,9.8,13
NCR-A235,ALABANG,EDSA/SSH VIA EXPRESSWAY,11.1,13
NCR-A236,ALABANG,MUNT. (BP) VIA KATARUNGAN VILL,7.8,13
NCR-A237,ALABANG,KATARUNGAN VILL V. MUNTINLUPA NBP,9.2,13
NCR-A238,ALABANG,MUNTINLUPA (BILIBID PRISON),9.1,13
NCR-A239,ALABANG,MUNTINLUPA VIA NATIONAL ROAD,11.1,13
NCR-A240,ALABANG,PASAY RTDA V FTI SERV RD SM MOA,6.1,13
NCR-A241,ALABANG,PASAY RTDA VIA FTI SERV RD TO MOA,7.1,13
NCR-A242,ALABANG,PASAY RTDA VIA FTI,10.3,13
NCR-A243,ALABANG,PASAY RTDA VIA FTI SERVICE RD,6.8,13
NCR-A244,ALABANG,PASAY RTDA VIA SSH FTI,4.7,13
NCR-A245,ALABANG,PASAY RTDA VIA NAB SERVICE RD,9.5,13
NCR-A246,ALABANG,PASAY RTDA VIA NAB ALABANG TER,7.7,13
NCR-A247,ALABANG,PASAY RTDA VIA NICHOLS AIRBASE,6.9,13
NCR-A248,ALABANG,PASAY RTDA VIA SSH,4.4,13
NCR-A249,ALABANG,PASAY RTDA VIA SOUTH SUPER HWAY,7.8,13
NCR-A250,ALABANG,PASAY RTDA VIA SSH ALABANG TERM,9.9,13
NCR-A251,ALABANG,SIGNAL VILLAGE VIA SSH,10.2,13
NCR-A252,ALABANG,SIGNAL VILLAGE VIA SO. EXPR'WAY,7.9,13
NCR-A253,ALABANG,SUCAT,8,13
NCR-A254,ALABANG,SUCAT VIA SOUTH EXPRESSWAY,5.6,13
NCR-A255,ALABANG,SUCAT VIA CUPANG,11.9,13
NCR-A256,ALMANZA (LAS PIÑAS),BACLARAN,4.9,13
NCR-A257,ARROCEROS,BALARA VIA KATIPUNAN,6.7,13
NCR-A258,ARROCEROS,FAIRVIEW MARKET VIA COMM AVE,11.8,13
NCR-A259,ARROCEROS,FAIRVIEW MARKET,6.5,13
NCR-A260,ARROCEROS,PROJ 6 VIA WEST AVE,6.3,13
NCR-A261,AURORA/LAUAN,EDSA NORTH AVENUE,10,13
NCR-A262,AURORA/LAUAN,QUEZON MEMORIAL CIRCLE,8.5,13
NCR-A263,AYALA,GUADALUPE (IBABAW) VIA JP RIZAL,11.8,13
NCR-A264,AYALA,PATEROS VIA JP RIZAL PASEO DE ROXAS,8.2,13
NCR-A265,AYALA,PATEROS VIA JP RIZAL,9.7,13
NCR-A266,PATEROS,AYALA,11.3,13
NCR-A267,AYALA,WASHINGTON,9.9,13
NCR-A268,AYALA,WASHINGTON VIA MAKATI,8,13
NCR-A269,BACLARAN,BLUMENTRITT VIA MABINI STCRUZ,10.3,13
NCR-A270,BACLARAN,BLUMENTRITT VIALGUINTO QUIAPO,6.7,13
NCR-A271,BACLARAN,DAPITAN VIA L GUINTO,11.6,13
NCR-A272,BACLARAN,DAPITAN VIA L. GUINTO A RIVER,9.8,13
NCR-A273,BACLARAN,DIVISORIA VIA MABINI,4.6,13
NCR-A274,BACLARAN,DIVISORIA VIA MABINI,11.9,13
NCR-A275,BACLARAN,ESCOLTA VIA JONES  L GUINTO,9.7,13
NCR-A276,BACLARAN,MOONWALK VIA QUIRINO,6.5,13
NCR-A277,BACLARAN,NAIA/BALTAO,6.5,13
NCR-A278,BACLARAN,MIA/BALTAO,7.3,13
NCR-A279,BACLARAN,SUCAT/SSH VIA B AQUINO AVE,5.5,13
NCR-A280,BACLARAN,SUCAT VIA AQUINO,5,13
NCR-A281,BACLARAN,SUCAT/SSH VIA IMELDA AVE,7.8,13
NCR-A282,BACLARAN,SUCAT/SSH VIA QUIRINO AVE,6.1,13
NCR-A283,BACLARAN,SUCAT,8.9,13
NCR-A284,SUCAT,BACLARAN,7.6,13
NCR-A285,BACLARAN,SUCAT VIA TAMBO,5.4,13
NCR-A286,BACLARAN,ZAPOTE (LAS PIÑAS),11.1,13
NCR-A287,BACLARAN,ZAPOTE (LAS PINAS) VIA REDEMPTORI,8.2,13
NCR-A288,BACOOD,QUIAPO(BARBOSA) VIA R MAGSAYSAY,9.8,13
NCR-A289,BAGONG SILANG,PHILCOA VIA C'WEALTH,6.9,13
NCR-A290,BAGONG SILANG,PHILCOA SM FAIRVIEW Z'RTE,6.4,13
NCR-A291,BALIC BALIC,QUIAPO VIA LEPANTO,10.9,13
NCR-A292,BALIC,B(GALAS)-QUIAPO(BARBOSA)VIA LEPAN,4.9,13
NCR-A293,BALIC,BALIC - QUIAPO(BARBOSA)VIA LEPANTO,10.6,13
NCR-A294,BALIC,BALIC - ESPAÑA/M DELA FUENTE,7.5,13
NCR-A295,BALINTAWAK,CAMARIN VIA SUSANO,8.6,13
NCR-A296,BALINTAWAK,FRISCO,7.1,13
NCR-A297,BALINTAWAK,LAGRO VIA NOVALICHES,10.3,13
NCR-A298,BALINTAWAK,NOVALICHES LAGRO,11.2,13
NCR-A299,LAGRO,BALINTAWAK,7.4,13
NCR-A300,BALINTAWAK,MARCOS AVE/TANDANG SORA,5.2,13
NCR-A301,BALINTAWAK,MONUMENTO VIA A BONIFACIO,4.1,13
NCR-A302,BALINTAWAK,MONUMENTO VIA AB'CIOVIA BALONBATO,6.4,13
NCR-A303,BALINTAWAK,NOVALICHES VIA QUIRINO HWAY,11.8,13
NCR-A304,NOVALICHES,BALINTAWAK VIA QUIRINO HWAY,9.6,13
NCR-A305,BALINTAWAK,NOVA VIA A.BONIFACIO QRNO.HW,6.8,13
NCR-A306,BALUT,BLUMENTRITT,9.9,13
NCR-A307,BBB/TULLAHANVILL,STA CRUZ VIA FHUERTAS,6.9,13
NCR-A308,BICUTAN(TAGUIG),PASIG(TP) VIA PATEROS,4.9,13
NCR-A309,PASIG (TP),TAGUIG (TP) BICUTAN,6,13
NCR-A310,BLUM,PASAY RTDA VIA QUIAPO L GUINTO,4.7,13
NCR-A311,BLUM,PASAY RTDA VIA STA CRUZ LGUINTO,8.2,13
NCR-A312,BLUMENTRITT,ROTONDA VIA STA CRUZ L. GUINTO,9.9,13
NCR-A313,BLUMENTRITT,RETIRO,8.8,13
NCR-A314,BLUMENTRITT,STA QUITERIA,8.4,13
NCR-A315,BONI,KALENTONG JRC VIA BONI AVE,5.5,13
NCR-A316,BONI/PINATUBO,STOP & SHOP,9.6,13
NCR-A317,BONI/PINATUBO,STOP&SHOP VIA PINATUBO,4.8,13
NCR-A318,BONI/PINATUBO,STOP&SHOP VIA PINAGLABANAN,10.9,13
NCR-A319,BRGY AYALA ALABANG,ALABANG MKT,6.4,13
NCR-A320,BRGY AYALA/ALABANG,ALABANG MKT AND VV,5.7,13
NCR-A321,CALUMPANG,CUBAO VIA 20TH AVE  P TUAZON,5.1,13
NCR-A322,CALUMPANG,CUBAO VIA P. TUAZON,4.7,13
NCR-A323,CALUMPANG,CUBAO VIA H ROXAS,11,13
NCR-A324,CALUMPANG,STOP & SHOP VIA AURORA,10.5,13
NCR-A325,CRAME,CUBAO VIA MURPHY,7.9,13
NCR-A326,CRAME,Q MART VIA P TUAZON  E GARCIA,6.1,13
NCR-A327,CRAME,SAN JUAN VIA PINAGLABANAN,6.2,13
NCR-A328,CRAME,SAN JUAN VIA N DOMINGO,7.6,13
NCR-A329,CUBAO,BAGUMBAYAN VIA LIBIS,10,13
NCR-A330,CUBAO,DIVISORIA VIA STA MESA  AURORA,10,13
NCR-A331,CUBAO,REMEDIOS VIA QUIAPO L GUINTO,6,13
NCR-A332,CUBAO,QUIAPO/REMEDIOS VIA L GUINTO,7.3,13
NCR-A333,CUBAO,REMEDIOS VIA YALE,7.2,13
NCR-A334,CUBAO,ROSARIO (PASIG) TO STA LUCIA (PASIG),10.5,13
NCR-A335,CUBAO,ROSARIO (PASIG) TO STA LUCIA PASIG,5.5,13
NCR-A336,CUBAO,ROSARIO(PASIG) VIA SANTOLAN,7.6,13
NCR-A337,CUBAO,ROSARIO(PASIG) V SANTOLAN DE CASTR,4.6,13
NCR-A338,CUBAO,SAN JUAN VIA N DOMINGO,7.4,13
NCR-A339,CUBAO,SAN JUAN VIA N. DOMINGO,8.9,13
NCR-A340,CUBAO,VITO CRUZ VIA MABINI E RODRIGUEZ,8.5,13
NCR-A341,CUBAO(MERCURY),ROCES/SUPER PALENGKE,10.7,13
NCR-A342,DEL MONTE,KANLAON VIA MAYON,9.7,13
NCR-A343,DEL MONTE,KANLAON/QUEZON AVE VIA MAYON,8.6,13
NCR-A344,DEL MONTE,QUEZON AVE/KANLAON VIA MAYON,5.5,13
NCR-A345,KANLAON,DEL MONTE VIA MAYON,10.8,13
NCR-A346,DIAN,LIBERTAD,4.6,13
NCR-A347,LIBERTAD,DIAN,4.3,13
NCR-A348,DIVISORIA,DON BOSCO VIA MORIONES,10,13
NCR-A349,DIVISORIA,DON BOSCO VIA M'NES DAGUPAN J.L,6.9,13
NCR-A350,DIVISORIA,GASAK VIA H LOPEZ,10.4,13
NCR-A351,DIVISORIA,GASAK VIA H LOPEZ VIA P.RADA,6.8,13
NCR-A352,DIVISORIA,GASTAMBIDE VIA MORAYTA,11.1,13
NCR-A353,DIVISORIA,MALINTA VIA JA SANTOS,7,13
NCR-A354,DIVISORIA,MCU VIA DEL MUNDO  JA SANTOS,11.7,13
NCR-A355,DIVISORIA,MCU,9.8,13
NCR-A356,DIVISORIA,PASAY RTDA VIA L GUINTO,8.8,13
NCR-A357,DIVISORIA,PIER NORTH VIA PLAZAMORIONES,10.2,13
NCR-A358,DIVISORIA,PIER SOUTH VIA DEL PAN,11.5,13
NCR-A359,DIVISORIA,PUNTA VIA STA MESA,10.5,13
NCR-A360,DIVISORIA,SAN JUAN,9.5,13
NCR-A361,DIVISORIA,SAN JUAN VIA CM RECTO,5.5,13
NCR-A362,SAN JUAN,DIVISORIA,11.8,13
NCR-A363,DIVISORIA,SANGANDAAN VIA MAYPAJO,6.7,13
NCR-A364,DIVISORIA,SANGANDAAN,8.8,13
NCR-A365,DIVISORIA,STA CRUZ VIA SAN NICOLAS,4.3,13
NCR-A366,DIVISORIA,STA CRUZ,8.9,13
NCR-A367,DIVISORIA,STA MESA VIA R MAGSAYSAY,9.2,13
NCR-A368,DIVISORIA,TM KALAW VIA JONES BR,9.2,13
NCR-A369,DIVISORIA,VELASQUEZ,11.5,13
NCR-A370,EDSA/NORTH AVE,PROJ 6,6.5,13
NCR-A371,EDSA/NORTH AVE,QUEZON CITY HALL,11.7,13
NCR-A372,EDSA/NORTH AVE,QC HALL VIA QMC(IKOT),9.4,13
NCR-A373,EDSA/NORTH AVE,T.SORA VIA MIND AVE,8,13
NCR-A374,EDSA/PIONEER,PATEROS VIA PASIG,7.8,13
NCR-A375,EDSA/SHAW CENTRAL,PASIG (TP),9.6,13
NCR-A376,EDSA/SHAW CENTRAL,TIPAS VIA SN JOAQUIN,9.4,13
NCR-A377,ESPAÑA RTDA,PROJ 2 & 3 VIA TIMOG,8.3,13
NCR-A378,PROJ 2&3,ESPANA RTD V TIMOG AVE,5,13
NCR-A379,WELCOME RTNDA,PROJ 2&3 VIA TIMOG,11,13
NCR-A380,EVER GOTESCO (PASIG),TIPAS VIA C RAYMUNDO,11.2,13
NCR-A381,EVERGREEN SUBD,BAGONG SILANG PHILCOA V COMM,11.9,13
NCR-A382,EVERGREEN SUBD(B. S'LNG),QMC V.C'WEALTH,8.1,13
NCR-A383,FAIRVIEW,CUBAO (NEW YORK),8.4,13
NCR-A384,FAIRVIEW,NEW YORK,9.6,13
NCR-A385,FAIRVIEW,CUBAO (NEW YORK) FAIRVIEW (DAHLIA),6,13
NCR-A386,FAIRVIEW,PHILCOA,11.7,13
NCR-A387,FAIRVIEW (WET MARKET),PIER SOUTH V Q AVE,10.2,13
NCR-A388,PIER,FAIRVIEW MARKET VIA PIER SOUTH,5.8,13
NCR-A389,PIER SOUTH,FAIRVIEW MARKET VIA COMM AVE,9.9,13
NCR-A390,FAIRVIEW (WET MARKET),TM KALAW V QUEZON AVE,8.1,13
NCR-A391,TM KALAW,FAIRVIEW MARKET VIA COMM AVE,4.5,13
NCR-A392,FRISCO,PIER SOUTH VIA STA CRUZ,10.5,13
NCR-A393,GASAK,RECTO VIA HEROES DEL 96,11.3,13
NCR-A394,GUADALUPE,CARTIMAR,6.2,13
NCR-A395,GUADALUPE, CARTIMAR,8.1,13
NCR-A396,GUADALUPE, CARTIMAR (EDSA  GIL PUYAT  BUENDIA),11,13
NCR-A397,CARTIMAR,GUADALUPE NUEVO VIA BUENDIA,4.9,13
NCR-A398,CARTIMAR,GUADALUPE NUEVO VIA BUENDIA(PUYAT),6,13
NCR-A399,GUADALUPE (ABC),BRGY BUTING E REMBO VIA KAL,5.9,13
NCR-A400,GUADALUPE (ABC),PATEROS VIA JP RIZAL,8.2,13
NCR-A401,GUADALUPE (ABC),PATEROS,8.4,13
NCR-A402,GUADALUPE (ABC),TAGUIG VIA TIPAS,4.2,13
NCR-A403,GUADALUPE MKT,L GUINTO VIA P GIL,9.3,13
NCR-A404,GUADALUPE(MKT),MAKATI VIA L GUINTO,7.6,13
NCR-A405,GUADALUPE MKT,L GUINTO VIA PASIG LINE,5,13
NCR-A406,HERBOSA/PRITIL,P GUEVARRA VIA TAYUMAN,8.2,13
NCR-A407,KABIHASNAN,SUCAT,9.1,13
NCR-A408,KABIHASNAN,SUCAT/SSH,11.5,13
NCR-A409,KABIHASNAN,SUCAT/SSH VIA KABIHASNAN,6.2,13
NCR-A410,KALENTONG/JRC,NAMAYAN VIA VERGARA,11.9,13
NCR-A411,KALENTONG/JRC,NAMAYAN VIA P MARTINEZ,8.2,13
NCR-A412,KALENTONG/ROMUALDEZ,SAN JUAN V LITTLE B,4.1,13
NCR-A413,KALENTONG/ROMUALDEZ,SAN JUAN VIA BLUM,4.8,13
NCR-A414,KARUHATAN,STA CRUZ VIA FHUERTAS OROQTA,10.2,13
NCR-A415,KATIPUNAN,MARCOS AVE/UNIV AVE VIA UP,7.9,13
NCR-A416,L GUINTO,ZOBEL ROXAS VIA PACO,5.1,13
NCR-A417,L. GUINTO,ZOBEL ROXAS VIA PACO MKT,5.6,13
NCR-A418,L. GUINTO,MAKATI VIA SAN ANDRES,6,13
NCR-A419,L GUINTO,MAKATI VIA SAN ANDRES PASIG,5.8,13
NCR-A420,LAGRO,PANAY AVENUE VIA QUEZON AVENUE,9.2,13
NCR-A421,LAGRO,RIZAL AVENUE VIA A BONIFACIO,5.7,13
NCR-A422,RIZAL AVE,NOVALICHES LAGRO,8.2,13
NCR-A423,LAGRO NOVA,RIZAL AVE V BONIFACIO/QUIRINO,11.5,13
NCR-A424,LAGRO,RIZAL AVENUE VIA BANAL,6.2,13
NCR-A425,LAGRO,SM FAIRVIEW LOOP,4.3,13
NCR-A426,SM FAIRVIEW,LAGRO SUBD LOOP,10.6,13
NCR-A427,LAGRO,SM FAIRVIEW,9.6,13
NCR-A428,FAIRVIEW,LAGRO,5,13
NCR-A429,LAGRO,SM NORTH,10.5,13
NCR-A430,LAGRO,SM NORTH EDSA,7.2,13
NCR-A431,SM NORTH,LAGRO,9.9,13
NCR-A432,SM,LAGRO,9.7,13
NCR-A433,LARDIZABAL,RIZAL AVE VIA M DELA FUENTE,7.9,13
NCR-A434,LIBERTAD,M DELA CRUZ,5.6,13
NCR-A435,LIBERTAD,M REYES,4.2,13
NCR-A436,LIBERTAD,PASAY RD,5.7,13
NCR-A437,LIBERTAD,PIER SOUTH VIA MABINI,5.8,13
NCR-A438,PIER SOUTH,LIBERTAD VIA MABINI,11.1,13
NCR-A439,LIBERTAD,PINAGBARILAN,9.4,13
NCR-A440,LIBERTAD,PINAGBARILAN V MOA,10.8,13
NCR-A441,LITEX,SGT ESGUERRA VIA IBP ROAD,4.1,13
NCR-A442,MALABON,MONUMENTO VIA LETRE,9.7,13
NCR-A443,MONUMENTO,MALABON VIA LETRE,9.6,13
NCR-A444,MALANDAY,RECTO VIA F HUERTAS OROQUIETA,9.3,13
NCR-A445,MALANDAY,STA CRUZ VIA HUERTAS OROQUETA,7.7,13
NCR-A446,MALINTA,RECTO VIA F HUERTAS  OROQUIETA,8.8,13
NCR-A447,MARCOS AVE,QUIRINO AVE VIA T. SORA,7.6,13
NCR-A448,MARCOS AVE,QUIRINO HIWAY,7.7,13
NCR-A449,MARCOS AVE,QUIRINO HIWAY VIA T.SORA,8.9,13
NCR-A450,DON MARIANO MARCOS AVE,QUIRINO HWAY VIA TSORA,8.3,13
NCR-A451,DON MARIANO MARCOS AVE,TSORA VIA QUIRINO H,10,13
NCR-A452,MARCOS AVE,QUIRINO HIWAY  BALARA V TSORA,11.4,13
NCR-A453,MARCOS AVE.,QUIRINO H-WAY BALARA  T. SORA,9.7,13
NCR-A454,MARIKINA,PASIG,9.9,13
NCR-A455,PASIG CITY,MARIKINA CITY,8.6,13
NCR-A456,MARIKINA,PASIG VIA DELA PAZ,9.9,13
NCR-A457,MARIKINA,PASIG VIA ORTIGAS AVE,10.6,13
NCR-A458,MARIKINA,PATEROS VIA PASIG,10.5,13
NCR-A459,MARIKINA,PATEROS VIA PASIG  SN ANTONIO,9.7,13
NCR-A460,MARIKINA (SM),PASIG,10.5,13
NCR-A461,MARIKINA (SM),LRT SANTOLAN PASIG,5.3,13
NCR-A462,MCU,LIBERTAD VIA TAFT AVE,4.5,13
NCR-A463,LIBERTAD,MCU VIA TAFT AVE,11.4,13
NCR-A464,MCU,PASAY RTDA VIA TAFT AVE,7.4,13
NCR-A465,MCU,RECTO VIA F HUERTAS  OROQUIETA,6.3,13
NCR-A466,MCU,RECTO V F HUERTAS OROQUIETA TAFT RTD,4.2,13
NCR-A467,MUNOZ,PANTRANCO VIA ROOSEVELT AVE,5,13
NCR-A468,MUÑOZ MKT,PANTRANCO,8.6,13
NCR-A469,MUÑOZ,REMEDIOS VIA STA CRUZ  L GUINTO,7.6,13
NCR-A470,MUÑOZ,VITO CRUZ VIA STA CRUZ  MABINI,4.2,13
NCR-A471,NAPINDAN,PASIG(TP) VIA NASSCOR,10.9,13
NCR-A472,NAPINDAN,PASIG SAN JOAQUIN P'GOLD VIA NSCOR,6.4,13
NCR-A473,NAVOTAS,RECTO VIA HEROES DEL 96,11.4,13
NCR-A474,NICHOLS,IKOT,4.4,13
NCR-A475,NICHOLS,IKOT VIA GATE II,11.4,13
NCR-A476,NICHOLS,IKOT VIA GATE III,5.5,13
NCR-A477,NORTH HARBOR,QUIAPO VIA EVANGELISTA,10.4,13
NCR-A478,NOVALICHES,RIZAL AVE VIA A BONIFACIO,7.3,13
NCR-A479,NOVALICHES,RIZAL AVE VIA BANAL,9.9,13
NCR-A480,NOVALICHES,TALA VIA CAMARIN,7.4,13
NCR-A481,P. FAURA,SAN ANDRES,10.9,13
NCR-A482,P. FAURA,SAN ANDRES,6,13
NCR-A483,P FAURA,SAN ANDRES VIA M ADRIATICO,7.5,13
NCR-A484,PACO,STA MESA RTDA VIA NAGTAHAN,5.5,13
NCR-A485,PACO,STA MESA VIA NAGTAHAN,8.9,13
NCR-A486,PANTRANCO,PROJ 8 VIA ROOSEVELT,5.9,13
NCR-A487,PASAY RTDA,SIGNAL VILLAGE,5,13
NCR-A488,PASAY,FTI V SIGNAL VILLAGE,10.4,13
NCR-A489,PASAY RTDA,SUCAT VIA NICHOLS SERV RD,10.4,13
NCR-A490,PASIG,UGONG VIA RODRIGUEZ,9.2,13
NCR-A491,UGONG,PASIG VIA PASIG MKT TERM,8.4,13
NCR-A492,PASIG (TP),QUIAPO (ECHAGUE) VIA S'MESA P'CA,6.1,13
NCR-A493,PASIG (SAN JOAQUIN),QUIAPO (ECH) V. STA MESA,4.1,13
NCR-A494,PASIG(TP),QUIAPO(ECHAGUE) VIA STA MESA,5.9,13
NCR-A495,PASIG(TP),TAGUIG(TP) VIA PATEROS,9,13
NCR-A496,PHILCOA,PIER SOUTH VIA QUEZON AVENUE,10.6,13
NCR-A497,PHILCOA,TM KALAW VIA QUEZON AVENUE,6.8,13
NCR-A498,PIER SOUTH,FAIRVIEW DAHLIA V REG COMM,11.3,13
NCR-A499,PIER SOUTH,DAHLIA FAIRVIEW VIA Q.AVE,7.4,13
NCR-A500,PIER SOUTH 15,FAIRVIEW DAHLIA V REGALADO,5,13
NCR-A501,PIER SOUTH,PROJ 6 VIA ESPAÑA,11.8,13
NCR-A502,PIER SOUTH,PROJ 8 VIA QUEZON AVENUE,9.6,13
NCR-A503,PIER SOUTH,RETIRO VIA STA CRUZ,6,13
NCR-A504,PIER SOUTH,SAN ANDRES,5.9,13
NCR-A505,PROJ 6,TM KALAW VIA QUEZON AVENUE,9.2,13
NCR-A506,PROJECT 6,TM KALAW VIA MINDANAO AVE,7.3,13
NCR-A507,PROJ. 6,TM KALAW VIA QUEZON AVENUE,11.4,13
NCR-A508,PROJ 8,TM KALAW VIA QUEZON AVENUE,7.6,13
NCR-A509,PRJ 8,TM KALAW VIA ESPANA/QUIAPO,7.5,13
NCR-A510,PUNTA,QUIAPO(BARBOSA) VIA STA MESA,11.7,13
NCR-A511,QUIAPO,SAN MIGUEL VIA PALANCA,5.8,13
NCR-A512,SAN MIGUEL,QUIAPO VIA PALANCA,9.6,13
NCR-A513,QUIAPO(BARBOSA),SANTOL VIA STA MESA,10.7,13
NCR-A514,QUIAPO(BARBOSA),SANTOL STA MESA ARLEGUI,8.2,13
NCR-A515,QUIAPO(ILALIM),BLUM VIA DIMASALANG,10.1,13
NCR-A516,QUIRINO HWAY/ZABARTE,PANAY AVE V REG Q AVE,4.2,13
NCR-A517,QUIRINOHWAY/ZTE,PANAY AVE VIA REGALADO,7.8,13
NCR-A518,QUIRINO HWAY/ZABARTE,PANAY AVE,11.8,13
NCR-A519,QUIRINO HWAY/ZABARTE,PANAY AVE VIA QC,6.8,13
NCR-A520,ALMAR,PANAY AVE VIA QUIRINO H ZBTE REG A,10.4,13
NCR-A521,QUIRINO HWAY/ZABARTE,ALMAR SUB/PANAY AVE,11.3,13
NCR-A522,QUIRINO HIWAY,ZABARTE VIA REGALADO Q AVE,6.1,13
NCR-A523,ROSARIO JCT,SAN JUAN VIA PINAGLABANAN,9.1,13
NCR-A524,ROSARIO JCT,SAN JUAN VIA ORTIGAS,5,13
NCR-A525,SAN JUAN (PINAGLABANAN),UNIMART R'RIO JUNC,9.4,13
NCR-A526,SM NORTH,LUZON AVENUE (PUREGOLD),7.4,13
NCR-A527,TM KALAW,FAIRVIEW DAHLIA V REGALADO  COMM,5.6,13
NCR-B01,A LUNA,LIBERTAD,9.8,13
NCR-B02,A RIVERA,PLAZA DELA BARCA VIA J SANTO,7.6,13
NCR-B03,A RIVERA,RAON VIA SEVERINO REYES,10.3,13
NCR-B04,A. RIVERA,RAON VIA TOMAS MAPUA,4.6,13
NCR-B05,ALABANG,FTI VIA SSH,8.9,13
NCR-B06,ALABANG,GMA VIA NATIONAL ROAD,8.2,13
NCR-B07,ALABANG,LAS PINAS,6.1,13
NCR-B08,ALABANG,MOA PASAY RTDA VIA WEST SERV RD,12,13
NCR-B09,ALABANG,PASAY ROTONDA,7.7,13
NCR-B10,ALABANG,SAN JOAQUIN VIA BICUTAN,5.5,13
NCR-B11,ALABANG,SM MALL OF ASIA VIA PASAY RTDA,9.1,13
NCR-B12,ALABANG,SM MOA TERMINAL SIGNAL VILLAGE,5.6,13
NCR-B13,ALABANG,SIGNAL VILLAGE SM MOA VIA SSH,12,13
NCR-B14,ALABANG,SM MOA TERMINAL V SLEX,5.7,13
NCR-B15,ALABANG,SM MOA V NICHOLS AIRBASE SERV,7.5,13
NCR-B16,ALABANG,SOLDIERS HILL MUTUAL CAMELLA HMS,9.5,13
NCR-B17,ALABANG COMPLEX,ALABANG SUBDIVISION,8.9,13
NCR-B18,AMORSOLO,LEGASPI VILLAGE,6,13
NCR-B19,AMPARO,NOVALICHES,7.2,13
NCR-B20,ARANETA UNIV,VICTONETA AVE/MCARTHUR,6.1,13
NCR-B21,ARROCEROS,BLUMENTRITT VIA DIMASALANG,5.5,13
NCR-B22,ARROCEROS,CUBAO VIA ESPAÑA,10.3,13
NCR-B23,ARROCEROS,DAPITAN VIA ANDALUCIA,6.1,13
NCR-B24,ARROCEROS,FAIRVIEW DAHLIA VIA REGALADO,4.9,13
NCR-B25,ARROCEROS,FRISCO,8.6,13
NCR-B26,ARROCEROS,MURPHY VIA E RODRIGUEZ,6.6,13
NCR-B27,ARROCEROS,PHILCOA VIA QUEZON AVE,11.6,13
NCR-B28,PHILCOA,ARROCEROS VIA ESPANA,10.1,13
NCR-B29,ARROCEROS,PROJ 2&3 VIA KAMUNING E ROD,6.4,13
NCR-B30,ARROCEROS,PROJ 2&3 VIA TIMOG QUEZON A,10.8,13
NCR-B31,ARROCEROS,PROJ 4 VIA ESPAÑA,6.1,13
NCR-B32,ARROCEROS,RETIRO VIA DIMASALANG,5.4,13
NCR-B33,AYALA,MANTRADE VIA PASONG TAMO,10.2,13
NCR-B34,AYALA,P BURGOS/JP RIZAL,7.9,13
NCR-B35,BACLARAN,BLUM V SMOA TAFT AVE QUIAPO,8.2,13
NCR-B36,BACLARAN,BLUMENTRITT VIA TAFT AVE,6.8,13
NCR-B37,BACLARAN,BLUMENTRITT VIA L. GUINTO,7.2,13
NCR-B38,BACLARAN,BLUMENTRITT VIA QUIAPO MABINI,7.1,13
NCR-B39,BACLARAN,BLUMENTRITT VIA STA CRUZ,9.4,13
NCR-B40,BACLARAN,ESCOLTA VIA JONES  MABINI,9.8,13
NCR-B41,BACLARAN,IMUS,4.7,13
NCR-B42,BACLARAN,P CAMPA VIA MABINI,5.3,13
NCR-B43,BACLARAN,QI VIA L GUINTO,11.4,13
NCR-B44,BACLARAN,QI VIA MABINI,11.4,13
NCR-B45,BACLARAN,RETIRO VIA L GUINTO  QUIAPO,11.8,13
NCR-B46,BACLARAN,RETIRO VIA MABINI  STA CRUZ,8.8,13
NCR-B47,BACLARAN (PARANAQUE),SM MALL OF ASIA,4.8,13
NCR-B48,BACOOD,STOP AND SHOP,8.4,13
NCR-B49,BAGONG SILANG,EVER GOTESCO,9.7,13
NCR-B50,BAGONG SILANG,EVER GOTESCO VIA MALIGAYA,4.8,13
NCR-B51,BAGONG SILANG,EVER GOTESCO VIA ZABARTE,5.8,13
NCR-B52,BAGONG SILANG,SM FAIRVIEW,8.3,13
NCR-B53,BAGONG SILANG,SM FAIRIVIEW,11.4,13
NCR-B54,BAGONG SILANGAN,MARCOSAVE VIA SAMPAGUITA,5.3,13
NCR-B55,BRGY B SILANGAN,MARCOS AVE SAMPAGUITA,8,13
NCR-B56,BRGY BAGONG SILANG,MARCOS AVE SAMPAGUITA,10.1,13
NCR-B57,BRGY BAGONG SILANG,MARCOS AVENUE,5,13
NCR-B58,BALIC,BALIC - BUSTILLOS VIA G TUAZON,10.6,13
NCR-B59,BALINTAWAK,BLUMENTRITT VIA A BONIFACIO,8.8,13
NCR-B60,BALINTAWAK,BLUMENTRITT,9.4,13
NCR-B61,BALINTAWAK,H. DELA COSTA,8.2,13
NCR-B62,BALINTAWAK,BLUMENTRITT VIA BALONG BATO,6.2,13
NCR-B63,BALINTAWAK,PUC VIA BAESA,11.2,13
NCR-B64,BALINTAWAK,STA QUITERIA VIA BAESA PUC,8.6,13
NCR-B65,BALINTAWAK MARCOS A,Q HWAY BALARA V TSORA,8.3,13
NCR-B66,BALINTAWAK,QUIRINO HWAY TSORA DMMA,5.2,13
NCR-B67,BALUT,DIVISORIA,5.3,13
NCR-B68,BALUT,DIVISORIA VIA BALUT TERMINAL,7.8,13
NCR-B69,BBB/TULLAHAN,RECTOVIAFHUERTAS OROQUETA,4.9,13
NCR-B70,BBB/TULLAHAN,RECTO VIA F. HUERTAS,10.3,13
NCR-B71,BF EXEC VILL,LANDBANK (MKT),6,13
NCR-B72,BF HOMES,NOVALICHES,8.2,13
NCR-B73,BF HOMES SUBD,IKOT VIA VINMRT (SUCAT)TERM,9.3,13
NCR-B74,BICUTAN,MOA PASAY RTDA VIA WEST SERV RD,6,13
NCR-B75,BICUTAN,PASAY RTDA,7.2,13
NCR-B76,BICUTAN,PASAY RTDA VIA BICUTAN,6.9,13
NCR-B77,BICUTAN(TAGUIG),SUCAT/SSH,8.1,13
NCR-B78,BLUM,DELOSREYES/PCAMPA VIA DIMASALANG,4.3,13
NCR-B79,BLUM,PASAY RTDA VIA STA CRUZ MABINI,6,13
NCR-B80,BLUM,RECTO VIA F HUERTAS  OROQUIETA,8.7,13
NCR-B81,BLUM,REMEDIOS VIA QUIAPO  L GUINTO,5.9,13
NCR-B82,BLUM,VITO CRUZ VIA QUIAPO  MABINI,6.3,13
NCR-B83,BLUMENTRITT,DIVISORIA,10.1,13
NCR-B84,BLUMENTRITT,DIVISORIA VIA OLD ANTIPOLO,7.5,13
NCR-B85,BLUMENTRITT,FRISCO,5.1,13
NCR-B86,BLUMENTRITT,LIBERTAD VIA QUIAPO GUINTO,5.5,13
NCR-B87,BLUMENTRITT,LIBERTAD VIA QUIAPO MABINI,8.7,13
NCR-B88,BLUMENTRITT,LIBERTAD VIA STA CRUZ MABINI,10.2,13
NCR-B89,BLUMENTRITT,LIBERTAD VIA V CRUZ MABINI,11.4,13
NCR-B90,BLUMENTRITT,NORTH HARBOR VIA DIVISORIA,7.8,13
NCR-B91,BLUMENTRITT,NOVALICHES,11.8,13
NCR-B92,BLUMENTRITT,PASAY RTDA VIA STA CRUZ,5.1,13
NCR-B93,BLUMENTRITT,PIER SOUTH VIA STA CRUZ,6,13
NCR-B94,BLUMENTRITT,PUC VIA BAESA,6.3,13
NCR-B95,BLUMENTRITT,VITO CRUZ VIA L. GUINTO,6.2,13
NCR-B96,BLUM,VITO CRUZ VIA L GUINTO STA CRUZ,11,13
NCR-B97,BUENDIA(CRISPA),PRC VIA P TAMO,10.8,13
NCR-B98,BUENDIA(CRISPA),SALCEDO VILL,4.9,13
NCR-B99,CALUMPANG,LRT(KATIPUNAN)V.AURORA BLVD,10.1,13
NCR-B100,CALUMPANG,RECTO VIA E RODRIGUEZ,4.3,13
NCR-B101,CAMARIN,EVER GOTESCO (COMM) VIA Z'TE,11.8,13
NCR-B102,NOVALICHES,CAMARIN VIA SUSANO ROAD,9.7,13
NCR-B103,CAMARO/COMMONWEALTH,STA LUCIA NOVALICHES,6.6,13
NCR-B104,CARTIMAR,EDSA/BUENDIA VIA BEL AIR,9.9,13
NCR-B105,COMMONWEALTH AVE,UP(VIA YLANAN & VV),8.7,13
NCR-B106,COMMONWEALTH MARKET,PABAHAY NI ERAP,9.2,13
NCR-B107,CRAME (SUNRISE SUBD) ,CUBAO VIA MURPHY,4.1,13
NCR-B108,CRAME,CUBAO VIA PINAGLABANAN,8.4,13
NCR-B109,CUBAO,ESPAÑA RTDA VIA E RODRIGUEZ,4.1,13
NCR-B110,CUBAO,LIBIS VIA MURPHY,10.9,13
NCR-B111,CUBAO,LIBIS VIA MURPHY E. RODRIGUEZ,9.2,13
NCR-B112,CUBAO,PARANG VIA 20TH AVE  P TUAZON,9.9,13
NCR-B113,CUBAO,PIER (SOUTH) VIA ESPAÑA,5.1,13
NCR-B114,CUBAO,PROJ 2&3 VIA 20TH AVE  P TUAZON,8.5,13
NCR-B115,CUBAO,QUIAPO VIA STA MESA  PALANCA,9.3,13
NCR-B116,CUBAO,RECTO VIA ESPAÑA,7.1,13
NCR-B117,CUBAO,SSS VILL VIA 20TH AVE P TUAZON,4.6,13
NCR-B118,CUBAO,STOP & SHOP,5.4,13
NCR-B119,CUBAO,TM KALAW VIA E RODRIGUEZ,4.9,13
NCR-B120,CUBAO(ARAYAT),ROCES/SUPER PALENGKE,6.8,13
NCR-B121,CUBAO(ARAYAT),V LUNA VIA YBARDOLAZA,11.5,13
NCR-B122,D. DAGATAN,DIVISORIA ILAYA VIA L-LAPU AVE,10.1,13
NCR-B123,DAMPALIT,MALABON SQUARE V DON BASILIO,4.4,13
NCR-B124,DAPITAN,DELOSREYES/PCAMPA VIAANDALUCIA,9.2,13
NCR-B125,DAPITAN,I DELOS REYES/P.CAMPA VIA L.LAAN,7.7,13
NCR-B126,DAPITAN,DELOSREYES/P CAMPA VIADIMASALANG,4.8,13
NCR-B127,DAPITAN,LIBERTAD VIA L GUINTO,8.5,13
NCR-B128,DAPITAN,LIBERTAD VIA MABINI,5.6,13
NCR-B129,DAPITAN,PIER SOUTH,8.6,13
NCR-B130,DEL MONTE,QUEZON AVE VIA BANAUE,10.9,13
NCR-B131,DEL PAN,GUADALUPE (ABC),6.9,13
NCR-B132,DEL PAN,GUADALUPE (IBABAW),12,13
NCR-B133,DELA COSTA HOMES IV,NOVALICHES(TP),4.6,13
NCR-B134,DELA COSTA HOMES IV,QUIRINO HWAY AND VV,6.7,13
NCR-B135,DIVISORIA,CUBAO VIA YALE,7.4,13
NCR-B136,DIVISORIA,KARUHATAN VIA JA SANTOS,4.9,13
NCR-B137,DIVISORIA,LIBERTAD VIA L GUINTO,11.7,13
NCR-B138,DIVISORIA,LIBERTAD VIA MABINI,10.9,13
NCR-B139,DIVISORIA,MAYPAJO VIA A MABINI,11.6,13
NCR-B140,DIVISORIA,MURPHY VIA LEGARDA  AURORA,7.4,13
NCR-B141,DIVISORIA,PIER NORTH V DEL PAN,7.7,13
NCR-B142,DIVISORIA,QUIAPO VIA EVANGELISTA,4.6,13
NCR-B143,DIVISORIA,STA CURZ VIA MADRID,6.9,13
NCR-B144,DIVISORIA,TAYUMAN VIA DAGUPAN,4.7,13
NCR-B145,EDSA SHAW CENTRAL,E ROD/ORT AVE SHAW,11.3,13
NCR-B146,EDSA/KAMUNING,ROCES/SUPER PALENGKE,4.2,13
NCR-B147,EDSA/NORTH AVE,PAG-ASA,7.9,13
NCR-B148,EDSA/NORTH AVE,QUIRINO HWAY VIA MINDANAO,11.8,13
NCR-B149,EDSA/Q AVE,EAST AVE /BIR AVE,12,13
NCR-B150,EDSA/SHAW,GUADALUPE(ABC)VIA PIONEER SM,8,13
NCR-B151,EDSA/SHAW,ORTIGAS COMPLEX,5.9,13
NCR-B152,EDSA/SHAW CENTRAL,ORTIGAS COMPLEX,8.2,13
NCR-B153,EDSA/SHAW CENTRAL,ORTIGAS CPX EDSA C'TRAL,5.3,13
NCR-B154,EDSA/SHAW,QUIAPO(ECHAGUE)VIA STA MESA,7.8,13
NCR-B155,EDSA/SHAW BLVD,E ROD (BRGY UGONG) VARGAS,8.3,13
NCR-B156,EDSA/SHAW BLVD,E RODRIGUEZ VIA VARGASAV,8,13
NCR-B157,EDSA/SHAW BLVD,E. RODRIGUEZ / ORTIGAS AVE,5.7,13
NCR-B158,EDSA/SHAW,E RODRIGUEZ/ORTIGAS AVE,7.2,13
NCR-B159,EDSA/SHAW BLVD,E.R ORT VIA SHAW BLVD,5.3,13
NCR-B160,EDSA/SHAW CENTRAL,PATEROS,8.7,13
NCR-B161,EDSA/SHAW,GUADALUPE (ABC)VIA SIERRAMADRE,6.9,13
NCR-B162,EDSA SHAW,GUADALUPE(ABC) VIA SIERRA M,9.6,13
NCR-B163,EDSA/SSH,SUCAT VIA SSH,11.9,13
NCR-B164,EDSA/SSH,SUCAT VIA SSH SERVICE ROAD,4.3,13
NCR-B165,ESCOLTA,LIBERTAD VIA L GUINTO,5.8,13
NCR-B166,ESCOLTA,LIBERTAD VIA MABINI,7.5,13
NCR-B167,ESCOLTA,MCU VIA G DEL MUNDO DASMARINAS,11.1,13
NCR-B168,ESCOLTA,MONUM VIA DELMUNDO DASMA NUEVA,8.9,13
NCR-B169,ESCOLTA,PASAY RTDA VIA L GUINTO,9.9,13
NCR-B170,ESPAÑA,PROJ 8 VIA ROOSEVELT,11.5,13
NCR-B171,ESPANA ROTONDA,PROJ 8 VIA ROOSEVELT,11.9,13
NCR-B172,ESPAÑA RTDA,SSS VILL VIA E RODRIGUEZ,9.8,13
NCR-B173,EVERGREEN SUBD,GOTESCO TERM CPLX QC,4.8,13
NCR-B174,FAIRVIEW (DAHLIA),EVER GOTESCO IKOT,7.9,13
NCR-B175,FEU MED CNTR (REG AVE),N AVE INTMDL TERM,5,13
NCR-B176,FRANCISCO HOMES,NOVA(TP) VIA QUIRINO,11.2,13
NCR-B177,FRISCO,PALTOK,11.1,13
NCR-B178,FRISCO,REMEDIOS VIA L GUINTO,4.1,13
NCR-B179,FRISCO,VITO CRUZ VIA MABINI  QUIAPO,10.4,13
NCR-B180,FRISCO,VITO CRUZ VIA STA CRUZ  MABINI,11.5,13
NCR-B181,GASAK,STA CRUZ VIA HEROES DEL 96,9.8,13
NCR-B182,GASAK,STA CURZ VIA C3 DAGAT DAGATAN,10.1,13
NCR-B183,GROTTO(SJDM),NOVALICHES(TP),7.6,13
NCR-B184,GUMAOK(SJDM),NOVALICHES (TP),7,13
NCR-B185,GUADALUPE (ABC),PITOGO,7.5,13
NCR-B186,H DELA COSTA II,BALINTAWAK,4.2,13
NCR-B187,HULO,P. VICTORINO / KALENTONG,8.8,13
NCR-B188,IKOT,QMC,8.6,13
NCR-B189,KAMAGONG,MALUGAY AVE,9.2,13
NCR-B190,KAMUNING,PIER SOUTH VIA RODRIGUEZ,11.4,13
NCR-B191,KAMUNING,REMEDIOS VIA L GUINTO,4.3,13
NCR-B192,KAMUNING,TM KALAW VIA E RODRIGUEZ,5.6,13
NCR-B193,KAMUNING,VITO CRUZ E RODRIGUEZ MABINI,5.5,13
NCR-B194,KARUHATAN,MONUMENTO VIA MCARTHUR HIWAY,7.4,13
NCR-B195,KATIPUNAN,MARCOS AVE/TANDANG SORA,8.6,13
NCR-B196,KAYBIGA,MALINTA,7.4,13
NCR-B197,LAGRO,PHILCOA,6.3,13
NCR-B198,LAGRO,PHILCOA VIA REGALADO AVE,8.2,13
NCR-B199,LAGRO,QUEEN'S (EDSA),4.2,13
NCR-B200,LEALTAD,QUIAPO(BARBOSA) VIA LEPANTO,11.9,13
NCR-B201,LIBERTAD,MONUMENTO VIA MABINI,9.3,13
NCR-B202,LIBERTAD,PASAY RTDA AND VV,8.1,13
NCR-B203,LIBERTAD,QI VIA L GUINTO,11.5,13
NCR-B204,LIBERTAD,QI VIA L MABINI,9.3,13
NCR-B205,LIBERTAD,RETIRO VIA MABINI STA CRUZ,10.3,13
NCR-B206,LIBERTAD,VITO CRUZ FB HARRISON,11.3,13
NCR-B207,MALINTA,MALOLOS VIA MCARTHUR HI-WAY,9.4,13
NCR-B208,MALINTA,MONUMENTO VIA MCARTHUR HI-WAY,5.8,13
NCR-B209,MALINTA,MONUMENTO,6.7,13
NCR-B210,MALINTA,STA CRUZ VIA HUERTAS OROQUIETA,4.3,13
NCR-B211,MARIKINA,PASIG VIA M DELA FUENTE,11.9,13
NCR-B212,MARIKINA,UP  KATIPUNAN,10.9,13
NCR-B213,MARKET MARKET,GUADALUPE,10.3,13
NCR-B214,MARKET MARKET,NASCOR V SAN JOAQUIN JPRIZAL,8.9,13
NCR-B215,MARKET MARKET,SAN JOAQUIN (PETRON),11.8,13
NCR-B216,LIBERTAD,MCU VIA MABINI,11.1,13
NCR-B217,LIBERTAD, MCU VIA MABINI,10.9,13
NCR-B218,MCU,LIBERTAD VIA MABINI FB HARRISON,8.1,13
NCR-B219,MCU,PASAY RTDA VIA MABINI,7.4,13
NCR-B220,MCU,VITO CRUZ V A.MABINI,10,13
NCR-B221,MCU,VITO CRUZ VIA RIZAL AVE TAFT,9.4,13
NCR-B222,MEYCAUAYAN,MONUMENTO VIA EXPRESSWAY,8.2,13
NCR-B223,MONUMENTO,PASAY RTDA VIA MABINI,8.3,13
NCR-B224,MONUMENTO,PASAY RTDA VIA TAFT AVE,9.8,13
NCR-B225,PASAY RTD,MONUMENTO V TAFT AVE JA SANTOS,11.1,13
NCR-B226,MONUMENTO,PIER SOUTH VIA RIZAL AVE.,8.8,13
NCR-B227,MONUMENTO,PACO(OBANDO) VIA MHDEL PILAR,9.7,13
NCR-B228,MONUMENTO,STA MARIA VIA EXPRESSWAY,7,13
NCR-B229,MONUMENTO,VITO CRUZ VIA MABINI,11.5,13
NCR-B230,MONUMENTO,VITO CRUZ VIA TAFT,12,13
NCR-B231,MUÑOZ,REMEDIOS VIA QUIAPO  L GUINTO,6.4,13
NCR-B232,MUNOZ,VITO CRUZ MABINI VIA SAN JOAQUIN,4.4,13
NCR-B233,MUNTINLUPA,LAS PINAS VIA SUSANA HTS SSH,6.7,13
NCR-B234,MURPHY,N HARBOR V DIVISORIA STA MESA,4.2,13
NCR-B235,MURPHY,NORTH HARBOR VIA DIVISORIA,8.2,13
NCR-B236,MURPHY,Q MART,7.4,13
NCR-B237,MURPHY,QUIAPO(ECHAGUE)VIA AURORA B,7.8,13
NCR-B238,MURPHY,STOP & SHOP VIA AURORA BLVD,11.3,13
NCR-B239,MURPHY,TM KALAW VIA E RODRIGUEZ,8,13
NCR-B240,NAPOCOR VILL/NIA VILL,TANDANG SORA,8.1,13
NCR-B241,NPC/NIA VILLAGE,TANDANG SORA,9.9,13
NCR-B242,NAVOTAS,RECTO VIA DAGAT DAGATAN C3 C4,11.4,13
NCR-B243,NAVOTAS,RECTO VIA C4 DAGAT DAGATAN,10.7,13
